expression,meaning_en,meaning_es,example_es,distractor_1,distractor_2,distractor_3
ser un cabezota,to be stubborn / pig-headed,alguien que no cambia de opinión por nada y se mantiene firme en su postura sin razón,No le hagas caso es un cabezota,alguien que tiene una memoria prodigiosa y recuerda todos los detalles con gran precisión,persona que habla demasiado y no sabe cuándo es el momento de callarse,alguien que toma decisiones de manera impulsiva sin pensar en las consecuencias para los demás
tener un morro que te lo pisas / tener mucha cara,to have a lot of nerve or cheek; shameless audacity,tener mucha desvergüenza o atrevimiento para hacer o pedir algo sin sentir ningún tipo de vergüenza,¡Qué morro tiene! Le dejé dinero y encima me pide más.,ser muy hábil para negociar y conseguir lo que uno quiere mediante el diálogo persuasivo,mostrar una simpatía exagerada con todo el mundo para caerle bien a cualquiera,tener una apariencia física muy llamativa que atrae la atención de los demás sin esfuerzo
ser clavado a alguien,to be the spitting image of someone (physical resemblance),parecerse físicamente a alguien de manera muy notable como si fueran casi gemelos,Eres clavada a tu madre.,compartir el mismo carácter y forma de ser con otra persona de manera muy evidente,estar tan unido a alguien que resulta imposible imaginarse la vida sin esa persona,copiar los gestos y maneras de alguien de forma inconsciente por pasar mucho tiempo juntos
no tener dos dedos de frente,to have no common sense / to be dim-witted,no tener sentido común ni capacidad de razonamiento básico; actuar sin pensar en las consecuencias,¿Cómo pudo hacer eso? No tiene dos dedos de frente.,ser muy torpe con las manos y no saber realizar tareas manuales por más que lo intente,no tener ningún tipo de ambición ni ganas de superarse en la vida personal o profesional,ser incapaz de recordar cosas sencillas y olvidarlo todo con mucha facilidad
tener buena pinta,to look good or promising (based on first impressions),tener un aspecto atractivo o prometedor a primera vista sin conocer aún el resultado,Esta tortilla tiene muy buena pinta.,tener muy buen olfato para los negocios y detectar oportunidades con facilidad,tener un carácter tan agradable que la gente se siente cómoda en su presencia enseguida,saber vestirse bien y presentarse de forma impecable en cualquier situación social
meter la pata,to put your foot in it; to make an embarrassing blunder or gaffe,decir o hacer algo inapropiado sin querer causando una situación incómoda o embarazosa,Metí la pata cuando le pregunté cuándo era la boda… y ya se habían separado.,entrometerse en los asuntos ajenos sin que nadie haya pedido la opinión de uno,retrasar el inicio de una tarea por indecisión o falta de motivación suficiente,cometer el mismo error repetidamente sin aprender de las experiencias pasadas
colarse en...,to sneak into a place without permission; also to cut in line,entrar a un lugar sin autorización o saltarse el turno sin esperar como los demás,Se coló en el concierto sin entrada.,perderse por un lugar desconocido al no haber prestado atención al camino de entrada,entrar en un sitio con mucho sigilo para sorprender a alguien sin que te vean llegar,esconderse en un lugar para evitar cruzarse con alguien a quien no se quiere ver
creerse el ombligo del mundo,to think oneself the center of the universe; to be self-centered or narcissistic,creer que uno es la persona más importante del mundo y que todo gira a su alrededor,No la soporto se cree el ombligo del mundo.,buscar siempre la aprobación de los demás antes de tomar cualquier tipo de decisión propia,sentirse constantemente observado y juzgado por los demás sin ningún motivo real,compararse constantemente con los demás y sentir que siempre sale perdiendo en esa comparación
ponerse morado,to stuff yourself with food or drink; to overindulge,comer o beber en exceso hasta hartarse por completo,Nos pusimos morados de paella.,enfadarse tanto que uno no es capaz de controlar sus reacciones ni sus palabras,avergonzarse de algo hasta el punto de sonrojarse delante de los demás,trabajar sin descanso hasta quedarse completamente agotado y sin energía alguna
ponerse las botas,to feast; to make the most of an opportunity (food or otherwise),disfrutar al máximo de algo ya sea comida o cualquier otra oportunidad aprovechándola sin límites,Se puso las botas en las rebajas.,prepararse con mucho cuidado antes de emprender un viaje largo o una aventura importante,esforzarse al máximo en algo con el objetivo de demostrar lo que uno vale de verdad,actuar con total seguridad en uno mismo en cualquier situación sin importar las dificultades
tener un cacao mental / tener la cabeza hecha un lío,to have a chaotic or muddled mind; to be mentally scrambled,tener los pensamientos completamente desordenados y no ser capaz de pensar con claridad normalmente de forma temporal,Llevo toda la semana con un cacao mental no sé ni por dónde empezar.,tener demasiadas obligaciones al mismo tiempo y no saber a cuál darle prioridad,estar tan cansado que resulta imposible concentrarse en nada durante un buen rato,recordar algo de manera confusa sin estar seguro de si realmente ocurrió o fue un sueño
hacer la vista gorda,to turn a blind eye; to deliberately ignore something wrong,fingir que no se ve algo incorrecto que está pasando para no tener que intervenir o enfrentarse a ello,El jefe hacía la vista gorda con los retrasos del equipo.,exagerar a propósito lo que uno ve para conseguir despertar la compasión de los demás,observar a alguien durante demasiado tiempo hasta resultar incómodo o molesto,no darse cuenta de lo que ocurre alrededor por falta de atención o perspicacia propia
dar la lata,to pester or bother someone; to be annoying,molestar a alguien de forma repetida o insistente sin dejarle tranquilo,¡Deja de dar la lata y déjame trabajar!,hablar durante mucho tiempo sin parar sobre el mismo tema sin llegar a ningún punto,quejarse constantemente de todo sin estar dispuesto a buscar ninguna solución posible,exigir a los demás un nivel de perfección que muy poca gente puede alcanzar
ni chicha ni limonada,neither one thing nor the other; wishy-washy,algo o alguien que no es ni una cosa ni la otra que no tiene una identidad o posición clara,Su respuesta fue ni chicha ni limonada nunca supe si venía o no.,algo que parece sencillo a primera vista pero que esconde una complejidad enorme que pocos detectan,algo que empieza con mucho potencial pero acaba siendo una gran decepción al final,una persona que promete una cosa y hace la contraria sin ningún tipo de coherencia
a buenas horas mangas verdes,"said sarcastically when someone or something shows up too late to be of any use — ""oh great now you show up!""",expresión irónica que se usa cuando alguien llega o actúa cuando ya es demasiado tarde para que sirva de algo,¡A buenas horas mangas verdes! Ya terminamos todo sin ti.,hacer algo con un entusiasmo exagerado que no se corresponde en absoluto con la situación,aparecer justo en el momento oportuno para llevarse el mérito de lo que hicieron otros,llegar antes de lo esperado poniendo a los demás en una situación incómoda e imprevista
estar en Babia / estar a por uvas / estar en la parra,to have your head in the clouds; to be daydreaming or completely distracted,estar distraído y con la mente en otro lugar sin prestar atención a lo que ocurre alrededor,Le pregunté tres veces y no me contestó estaba en Babia.,estar muy cansado y sin energía después de un esfuerzo físico o mental considerable,estar esperando algo con tanta impaciencia que resulta imposible pensar en otra cosa,sentirse completamente perdido en un entorno desconocido sin saber cómo orientarse
tirar la casa por la ventana,to spare no expense; to spend lavishly usually for a celebration,gastar muchísimo dinero sin reparar en el coste normalmente para celebrar algo especial,Para la boda de su hija tiraron la casa por la ventana.,deshacerse de todas las pertenencias antiguas para empezar de cero una nueva etapa vital,actuar de manera impulsiva y sin pensar causando daños que son difíciles de reparar,compartir todo lo que uno tiene con los demás sin guardar nada para sí mismo
mucho ruido y pocas nueces / perro ladrador poco mordedor / mucho lirili y poco lirile,all talk and no action; a lot of fuss or boasting without anything to back it up,hacer mucho ruido o aparentar mucho pero luego no cumplir ni tener la sustancia que se prometía,Al final su presentación fue mucho ruido y pocas nueces.,trabajar mucho y con esfuerzo pero obtener resultados que no están a la altura esperada,quejarse constantemente de las dificultades sin hacer nada por cambiar la situación,llamar mucho la atención al principio pero acabar pasando desapercibido con el tiempo
irse de rositas,to get away with something; to do something wrong and escape without any consequences,hacer algo malo o incorrecto y salir sin recibir ningún castigo ni consecuencia por ello,Rompió todas las reglas y se fue de rositas.,marcharse de un lugar con mucha elegancia dejando una buena impresión en todos,salir de una situación muy difícil gracias a la suerte sin haber hecho nada especial,retirarse de un proyecto en el último momento cuando más se necesitaba la presencia de uno
más vale pájaro en mano que ciento volando,a bird in the hand is worth two in the bush; better to keep what you have than risk it for something uncertain,es mejor conformarse con lo que ya se tiene asegurado que arriesgarlo por algo mayor que quizás nunca llegue,Me quedé con el trabajo actual más vale pájaro en mano que ciento volando.,más vale tener muchos conocidos que pocos amigos de verdad cuando llegan los problemas,es mejor actuar rápido y aprovechar las oportunidades antes de que desaparezcan del todo,tener algo de poco valor hoy puede convertirse en algo muy valioso con el paso del tiempo
tener las manos atadas,to have one's hands tied; to have no choice or freedom to act,no tener libertad ni margen para actuar debido a limitaciones externas o circunstancias fuera del propio control,Me gustaría ayudarte pero tengo las manos atadas.,no saber cómo enfrentarse a una situación por falta de experiencia o conocimiento previo,estar tan ocupado con otras tareas que resulta imposible atender nuevas responsabilidades,sentirse tan nervioso que el cuerpo no responde y uno se queda paralizado sin reaccionar
cuando el río suena agua lleva,there's no smoke without fire; if rumours are circulating there's usually some truth behind them,si la gente habla de algo o corren rumores normalmente es porque hay algo de verdad detrás aunque no se sepa todo,Dicen que van a despedir a gente en la empresa… cuando el río suena agua lleva.,los problemas que parecen pequeños al principio suelen crecer hasta volverse incontrolables,cuando algo va mal hay que buscar la causa en el origen y no en las consecuencias visibles,si hay mucho movimiento en un lugar es señal clara de que algo importante está pasando
darle la vuelta a la tortilla,to turn the tables; to completely reverse a situation often in one's favour,cambiar una situación de forma radical de modo que quien estaba en desventaja pasa a estar en una posición mejor,Iban perdiendo 3-0 y le dieron la vuelta a la tortilla en el segundo tiempo.,conseguir sacarle partido a una situación difícil encontrando el lado positivo de las cosas,repetir el mismo argumento con palabras distintas para que la otra persona lo comprenda mejor,hacer exactamente lo contrario de lo que se esperaba sorprendiendo a propios y extraños
dejar en ascuas,to leave someone in suspense or in the dark; to withhold information leaving someone anxious and uncertain,dejar a alguien sin saber lo que necesita saber generándole incertidumbre o ansiedad por la falta de información,¡No me dejes en ascuas cuéntame qué pasó!,terminar una conversación de forma abrupta sin llegar a ningún tipo de acuerdo entre las partes,generar tanta expectativa en alguien que luego la realidad no está a la altura de lo prometido,enfadar a alguien de tal manera que no consigue calmarse durante un tiempo prolongado
del dicho al hecho hay un trecho,easier said than done; there is a big gap between saying you will do something and actually doing it,es mucho más fácil prometer o hablar de hacer algo que llevarlo realmente a la práctica,Dijo que iba a correr una maratón pero del dicho al hecho hay un trecho.,lo que se dice en un momento de calma suena muy diferente cuando las cosas se complican,hay mucha distancia entre lo que uno cree saber y lo que realmente comprende de verdad,las personas que más hablan de sus logros suelen ser las que menos han conseguido en la vida
quedarse frito,to fall asleep suddenly and unexpectedly usually without meaning to,dormirse de repente sin pretenderlo normalmente en un lugar o situación poco habitual como el sofá o viendo la tele,Puse una película y a los diez minutos me quedé frito.,quedarse paralizado de miedo o sorpresa sin saber cómo reaccionar ante algo inesperado,sufrir un golpe de calor tan intenso que uno pierde las fuerzas y no puede moverse bien,quedarse sin palabras ante una situación que no se esperaba y no saber qué decir
meterse en la boca del lobo,to walk into the lion's den; to knowingly put yourself in a dangerous or risky situation,adentrarse voluntariamente en una situación peligrosa o arriesgada sin haber medido bien las consecuencias,Fui solo a ese barrio de noche me metí en la boca del lobo.,hablar demasiado de algo que debería mantenerse en secreto poniendo en riesgo a los demás,enfrentarse directamente al problema sin rodeos ni intermediarios de ningún tipo,confiar en alguien que no lo merece y acaba traicionando esa confianza tarde o temprano
estar en el ojo del huracán / en el ojo de la tormenta,to be at the epicentre of a storm of controversy or chaos; not necessarily by choice,estar en el centro de una situación caótica o polémica donde todo gira a tu alrededor y la presión es máxima,Desde que salió la noticia el director está en el ojo del huracán.,estar completamente ajeno a lo que ocurre alrededor sin enterarse de absolutamente nada,sentir que el tiempo pasa muy despacio cuando uno está esperando una noticia importante,enfrentarse a una serie de problemas encadenados que no dan respiro ni tregua
a la primera de cambio,at the first opportunity; the moment a chance arises usually with a negative connotation implying someone acts quickly or selfishly,en cuanto surge la primera oportunidad sin esperar más normalmente usado cuando alguien aprovecha el momento para hacer algo inesperado o poco leal,A la primera de cambio te deja solo.,adaptarse con mucha facilidad a cualquier situación nueva sin que suponga ningún esfuerzo,reaccionar de forma exagerada ante la mínima contrariedad sin dar tiempo a que se resuelva,cambiar de opinión continuamente según lo que convenga en cada momento sin ningún criterio
meterse algo entre ceja y ceja,to get something fixed in one's head; to become obsessed with an idea or goal and refuse to let it go,obsesionarse con una idea u objetivo de tal manera que no se puede dejar de pensar en ello hasta conseguirlo,Se le metió entre ceja y ceja aprender a tocar la guitarra y no para hasta conseguirlo.,guardar rencor a alguien durante mucho tiempo sin ser capaz de perdonar lo que hizo,no poder sacarse de la cabeza un recuerdo doloroso que sigue causando malestar con el tiempo,tener muy claro desde el principio lo que uno quiere y no desviarse nunca del camino
a la tercera va la vencida,third time's the charm; after two failed attempts the third one will succeed,después de dos intentos fallidos se confía en que el tercero será el definitivo y traerá el éxito,Volví a intentarlo y a la tercera va la vencida.,cuanto más se repite algo más fácil se vuelve con el tiempo y la práctica constante,los errores son inevitables pero lo importante es no volver a cometer el mismo dos veces,si algo ha salido bien una vez hay muchas probabilidades de que vuelva a salir bien
dios los cría y ellos se juntan,birds of a feather flock together; similar people naturally find each other,las personas con caracteres o costumbres parecidas tienden a encontrarse y formar grupos de forma natural,Son inseparables desde el primer día dios los cría y ellos se juntan.,cuando alguien tiene buenas intenciones siempre acaba encontrando personas que le apoyan,las amistades verdaderas se forjan en los momentos difíciles y no en los buenos tiempos,la gente suele confiar más en los desconocidos que en quienes conoce desde hace mucho tiempo
son tal para cual,they are two of a kind; often used when two people are equally matched usually with a negative tone,dos personas tan parecidas en defectos o comportamientos que parecen hechas la una para la otra,Los dos mienten siempre son tal para cual.,dos personas que se complementan perfectamente porque cada una tiene lo que le falta a la otra,una pareja que lleva tanto tiempo junta que ha adoptado los mismos hábitos y costumbres,dos personas que compiten constantemente sin ser capaces de ponerse de acuerdo en nada
tener complicidad,to have a special bond or chemistry with someone; to be on the same wavelength,tener una conexión especial con alguien que permite entenderse sin necesidad de explicar demasiado,Se nota que tienen mucha complicidad solo con mirarse ya saben lo que piensa el otro.,mantener en secreto algo que se ha hecho juntos para que los demás no se enteren nunca,saber perfectamente cómo sacar de quicio a alguien porque se le conoce muy bien,ayudarse mutuamente en los momentos difíciles sin esperar nada a cambio del otro
parecer una mosquita muerta,to look like butter wouldn't melt; to appear innocent and harmless but have a hidden cunning or mischievous side,aparentar ser muy inocente y tranquilo cuando en realidad esconde una personalidad más astuta o pícara de lo que parece,Parece una mosquita muerta pero es la más lista de todos.,pasar completamente desapercibido en cualquier situación sin llamar la atención ni dejar huella,ser tan tímido y reservado que resulta difícil saber lo que realmente piensa o siente,molestar de forma constante aunque no de manera grave generando un cansancio acumulado
tener una conversación de besugos,a conversation where nobody understands each other and nothing gets resolved; talking past each other,diálogo en el que los participantes no se entienden entre sí y la conversación no lleva a ningún lado como si nadie escuchara al otro,Llevamos media hora hablando y no nos entendemos esto es una conversación de besugos.,hablar durante horas de temas sin importancia sin llegar a tratar lo realmente relevante,mantener una conversación tan aburrida y monótona que no despierta el interés de nadie,discutir acaloradamente por algo sin importancia de lo que ambos se arrepienten después
creerse algo a pies juntillas,to believe something blindly and without question; often implying naivety or excessive trust,aceptar algo como verdad absoluta sin cuestionarlo en ningún momento normalmente por ingenuidad o exceso de confianza,Se cree a pies juntillas todo lo que le dicen.,comprometerse a hacer algo de forma muy seria sin dejar ningún margen de vuelta atrás,repetir lo que otros dicen sin añadir ninguna opinión ni criterio propio,defender la postura de otra persona aunque no estés completamente de acuerdo con ella
saberse algo a pies juntillas,to know something inside out with complete mastery and certainty; no margin for doubt or error,conocer algo en profundidad y con total seguridad sin margen de duda ni posibilidad de error,Se sabe el reglamento a pies juntillas.,memorizar algo de forma mecánica sin llegar a comprenderlo realmente de manera profunda,seguir una norma al pie de la letra sin cuestionarla ni adaptarla al contexto concreto,afirmar algo con mucha seguridad sin tener en realidad ninguna prueba que lo respalde
caerse del burro,to finally admit you were wrong after stubbornly refusing to see it; to come to one's senses,reconocer por fin que uno estaba equivocado después de haberse resistido a admitirlo con terquedad,Por fin se cayó del burro y admitió que tenía razón yo.,darse cuenta de que uno ha sido engañado cuando ya es demasiado tarde para remediarlo,cansarse de luchar contra algo y rendirse sin haber conseguido ningún resultado positivo,perder los privilegios o la posición que se tenía por no haber sabido mantenerlos bien
poner a alguien a caer de un burro,to tear someone apart verbally; to criticize or reprimand someone very harshly,criticar o reprender a alguien de forma muy severa y contundente normalmente en voz alta y sin escatimar palabras,Cuando se enteró de lo que había hecho lo puso a caer de un burro delante de todos.,humillar a alguien en público hablando de sus defectos físicos de manera cruel e innecesaria,exigirle a alguien que admita su error delante de todos para que quede en evidencia,hablar muy mal de alguien a sus espaldas contando sus fallos a todo el que quiera escuchar
montar un pollo,to cause a scene; to kick up a fuss or create unnecessary drama,armar un escándalo o drama exagerado normalmente en público y por algo que no justifica tanto alboroto,Se equivocaron con su pedido y montó un pollo en el restaurante.,organizar una celebración o fiesta de forma improvisada y sin demasiada planificación previa,quejarse en voz baja pero de forma constante hasta que alguien le hace caso al final,pelearse de forma acalorada por algo sin importancia de lo que ambos se arrepienten después
quien juega con fuego se quema,if you play with fire you get burned; taking risks or doing dangerous things will lead to consequences,si te metes en situaciones peligrosas o arriesgadas tarde o temprano sufrirás las consecuencias de tus actos,Sabía que era mala idea meterse con él… quien juega con fuego se quema.,cuando uno se emociona demasiado con algo suele cometer errores que luego lamenta profundamente,las personas que provocan conflictos acaban quedándose solas con el tiempo irremediablemente,cuanto más se practica algo más riesgo hay de errar por exceso de confianza en uno mismo
bajar los humos a alguien,to take someone down a peg; to humble someone who is arrogant or full of themselves,hacer que alguien arrogante o engreído vuelva a la realidad y deje de creerse superior a los demás,Alguien tiene que bajarle los humos está insoportable últimamente.,calmar a alguien que está muy alterado para que recupere la compostura y la calma,convencer a alguien de que reduzca su nivel de exigencia para evitar conflictos innecesarios,quitarle a alguien el entusiasmo por algo haciéndole ver únicamente los aspectos negativos
dar mala espina,to give a bad feeling or bad vibe; a gut feeling that something or someone is off or not right,provocar una sensación de desconfianza o inquietud ante algo o alguien sin poder explicar exactamente por qué,Ese tipo me da mala espina no me fío de él.,causar un dolor físico repentino sin que haya una causa aparente que lo justifique,generar una mala impresión desde el primer momento por tener malos modales o poca educación,crear problemas o conflictos de forma indirecta sin que nadie sepa muy bien de dónde vienen
vete a tomar viento,get lost; a less vulgar way of telling someone to go to hell or get out of your face,forma de decirle a alguien que se marche o que deje de molestar de manera brusca pero menos soez que otras expresiones similares,¡Estoy harto de ti vete a tomar viento!,sugerirle a alguien que salga a despejarse porque lleva demasiado tiempo encerrado en casa,dar a entender que una idea no tiene ningún valor y que es mejor abandonarla cuanto antes,animarle a alguien a que aproveche una buena racha o momento favorable para avanzar
dejar a alguien plantado,to stand someone up; to not show up to a planned meeting or date leaving them waiting,no presentarse a una cita o quedada dejando a la otra persona esperando sin avisar ni dar explicaciones,Quedé con él a las ocho y me dejó plantada ni siquiera llamó.,ignorar por completo a alguien en una reunión hablando con todos menos con esa persona,terminar una relación de forma repentina sin dar ningún tipo de explicación ni motivo,excluir a alguien de una actividad grupal sin darle ninguna razón que lo justifique
ser uña y carne,to be inseparable; to be extremely close and always together,ser tan unidos que parece imposible separarlos como la uña y la carne que forman una sola cosa,Esos dos son uña y carne siempre juntos.,compartir tantos secretos que ninguno de los dos podría traicionar al otro aunque quisiera,parecerse tanto físicamente que la gente los confunde continuamente con hermanos o gemelos,tener una relación tan intensa que el resto del mundo parece no existir para ellos
estar a tope,to be very busy / full of energy / packed to capacity depending on context,estar al máximo ya sea de actividad ocupación energía o aforo según el contexto en el que se use,Esta semana estoy a tope de trabajo.,estar tan satisfecho con la propia vida que no se le pide nada más a la existencia,encontrarse en un estado de total calma y tranquilidad después de haber resuelto todos los asuntos pendientes,tener tantas ganas de hacer algo que resulta imposible esperar a que llegue el momento
ser más largo que un día sin pan,to be very tall (physical) or very cunning and sly (figurative) depending on context,usado para describir a alguien muy alto de forma humorística o a alguien muy astuto y difícil de engañar según el contexto,Es más largo que un día sin pan — no te fíes de él.,ser tan aburrido y pesado en las conversaciones que el tiempo parece pasar muy despacio,describir algo interminable que no parece tener fin por mucho que se avance en ello,tener mucho aguante y ser capaz de soportar situaciones difíciles durante mucho tiempo
ir con pies de plomo,to tread carefully; to proceed slowly and cautiously in a delicate situation,actuar o hablar con mucha cautela y prudencia midiendo cada paso para no cometer errores en una situación delicada,Con ese tema hay que ir con pies de plomo es muy sensible.,moverse con mucha dificultad por estar cargado con demasiadas responsabilidades a la vez,avanzar muy despacio en algo porque uno no tiene la energía ni las ganas suficientes,actuar sin ningún miedo y con total decisión incluso cuando la situación es muy arriesgada
ser una pelota / ser un lameculos,to be a brown-noser or sycophant; someone who flatters others purely for personal gain — pelota is mild lameculos is very vulgar,adular a otras personas de forma exagerada e interesada para conseguir favores o ventajas sin que los cumplidos sean sinceros,No te fíes de sus cumplidos es un pelota total.,ser alguien que cae bien a todo el mundo y se lleva bien con cualquiera sin esfuerzo,intentar agradar a los demás de forma constante por miedo a que no le quieran si no lo hace,presumir de los propios logros buscando el reconocimiento y la admiración de los que le rodean
ir pisando huevos,to move or do something very slowly; often used with exasperation when someone is being frustratingly slow,moverse o actuar con una lentitud exasperante como si se tuviera miedo de romper algo con cada paso,¡Venga que vamos pisando huevos y llegamos tarde!,actuar con mucho cuidado y delicadeza para no herir los sentimientos de los demás,meterse en una situación muy delicada de la que resulta difícil salir sin consecuencias,hacer algo tan difícil que requiere de toda la concentración y atención para salir bien
marear la perdiz,to go round in circles; to drag something out or waste time without getting to the point,dar vueltas a algo sin avanzar ni llegar a ningún lado perdiendo el tiempo en lugar de ir al grano,Deja de marear la perdiz y dime qué pasó.,confundir a alguien a propósito para que no se dé cuenta de lo que está pasando realmente,buscar excusas continuamente para no tener que enfrentarse a lo que de verdad importa,mezclar tantos temas distintos en una conversación que resulta imposible seguir el hilo
andarse por las ramas,to beat around the bush; to avoid getting to the main point by talking about irrelevant things,evitar hablar de lo importante rodeando el tema con detalles innecesarios en lugar de ir directamente al grano,Deja de andarte por las ramas y dime lo que piensas.,fijarse en los detalles pequeños y olvidarse del objetivo principal que se quería conseguir,complicar algo sencillo innecesariamente hasta que nadie entiende de qué se habla,ponerse nervioso al hablar en público y perder el hilo de lo que se quería decir
irse por los cerros de Úbeda,to go completely off topic; to ramble about things totally unrelated to the subject at hand,desviarse del tema principal de forma exagerada hablando de cosas que no tienen ninguna relación con lo que se estaba tratando,Empezamos hablando del trabajo y se fue por los cerros de Úbeda.,perderse en un lugar desconocido por no haberse preparado bien el camino de antemano,hablar de algo sin ningún conocimiento real sobre el tema cometiendo errores muy evidentes,tomar un camino más largo y complicado cuando existía una solución mucho más sencilla y directa
tener sentimientos encontrados,to have mixed feelings; to experience two conflicting emotions about something at the same time,sentir a la vez dos emociones opuestas o contradictorias sobre una misma situación persona o decisión,Cuando se fue tenía sentimientos encontrados estaba feliz por ella pero triste por mí.,no ser capaz de expresar lo que uno siente por miedo a la reacción de la otra persona,cambiar de estado de ánimo con mucha rapidez sin que haya una razón clara para ello,acumular emociones negativas durante tanto tiempo que ya no se sabe cómo gestionarlas
como Dios nos trajo al mundo,stark naked; completely undressed exactly as one was born,completamente desnudo sin nada de ropa encima tal y como se llega al mundo al nacer,Se tiró al mar como Dios le trajo al mundo.,con total naturalidad y sin ningún tipo de artificios ni pretensiones de ninguna clase,con mucha inocencia y sin maldad como si uno no supiera lo que realmente está haciendo,en el estado más puro y vulnerable sin ningún tipo de protección ni defensa posible
ir al grano,to get straight to the point; to talk directly about the main subject without wasting time,hablar directamente de lo importante sin rodeos ni preámbulos innecesarios,Venga ve al grano ¿qué me querías decir?,explicar algo paso a paso de forma muy detallada para que no quede ninguna duda al respecto,aprovechar al máximo los recursos disponibles sin desperdiciar nada en el proceso,acudir directamente a la persona responsable de algo sin pasar por ningún intermediario
perder los papeles,to lose one's cool; to completely lose control of one's emotions,perder el control de las propias emociones de forma repentina sin ser capaz de mantenerse calmado o sereno,Se puso tan nervioso que perdió los papeles delante de todos.,olvidar información importante justo en el momento menos oportuno quedando en evidencia,cometer tantos errores seguidos que uno pierde la confianza en su propia capacidad,equivocarse tanto en algo que ya no se sabe ni por dónde empezar de nuevo
quedarse de sujetavelas,to be the third wheel; to end up as the unwanted extra person while two others want to be alone,estar de más en una situación en la que dos personas preferirían estar solas normalmente una pareja,Fui a la cena pensando que éramos un grupo y me quedé de sujetavelas toda la noche.,quedarse a cargo de organizar un evento de última hora sin haberlo pedido ni planificado,aguantar una situación muy aburrida o tediosa sin poder marcharse aunque uno quiera,quedarse esperando a alguien durante mucho tiempo sin recibir ninguna explicación ni aviso
tener lagunas,to have gaps in one's knowledge or memory; blank spots where information is missing,tener zonas de desconocimiento o olvido sobre un tema concreto como si hubiera huecos vacíos en lo que uno sabe o recuerda,Estudié historia pero tengo lagunas sobre la guerra civil.,tener dificultad para concentrarse en algo durante un período prolongado de tiempo,sentirse desbordado por demasiada información sin saber cómo organizarla o asimilarla,confundir datos o recuerdos de distintas épocas mezclándolos sin darse cuenta
dar un patatús / dar un parraque,to faint or nearly faint from shock fright or overwhelming emotion; often used hyperbolically,sufrir un desmayo o una reacción física repentina causada por una sorpresa un susto o una emoción muy intensa,Cuando le dije el precio le dio un patatús.,ponerse muy nervioso antes de hacer algo importante sin llegar a perder el control del todo,reaccionar de forma exagerada ante una situación menor haciendo un drama innecesario,quedarse completamente paralizado sin saber cómo reaccionar ante una noticia inesperada
ser pan comido,to be a piece of cake; something very easy to do requiring little or no effort,ser algo muy fácil de hacer que no requiere ningún esfuerzo ni habilidad especial,El examen fue pan comido terminé en veinte minutos.,ser algo que se consigue únicamente con mucha práctica y dedicación constante,ser una tarea que parece sencilla pero que esconde dificultades que no se ven a primera vista,ser algo que todo el mundo conoce y da por sentado sin necesidad de explicación
